time,station_id,part_id,activity,
2023-01-30T12:32:32Z,S4,P1003,EXIT,
2023-01-30T12:32:32Z,S4,P1004,ENTER,
2023-01-30T12:33:02Z,S3,P1001,EXIT,
2023-01-30T12:33:12Z,S2,P1001,ENTER,
2023-01-30T12:33:15Z,S1,P1006,EXIT,
2023-01-30T12:33:15Z,S1,P1007,ENTER,
2023-01-30T12:33:25Z,S2,P1006,ENTER,
2023-01-30T12:33:47Z,S2,P1001,EXIT,
2023-01-30T12:34:01Z,S1,P1007,EXIT,
2023-01-30T12:34:01Z,S1,P1008,ENTER,
2023-01-30T12:34:10Z,S2,P1007,ENTER,
2023-01-30T12:34:45Z,S4,P1004,EXIT,
2023-01-30T12:34:45Z,S4,P1002,ENTER,
2023-01-30T12:35:02Z,S2,P1006,EXIT,
2023-01-30T12:35:38Z,S2,P1007,EXIT,
2023-01-30T12:35:46Z,S4,P1002,EXIT,
2023-01-30T12:35:46Z,S4,P1005,ENTER,
2023-01-30T12:36:14Z,S4,P1005,EXIT,
2023-01-30T12:36:14Z,S4,P1001,ENTER,
2023-01-30T12:37:36Z,S4,P1001,EXIT,
2023-01-30T12:37:36Z,S4,P1006,ENTER,
2023-01-30T12:37:38Z,S1,P1008,EXIT,
2023-01-30T12:37:38Z,S1,P1009,ENTER,
2023-01-30T12:37:50Z,S2,P1008,ENTER,
2023-01-30T12:38:20Z,S4,P1006,EXIT,
2023-01-30T12:38:20Z,S4,P1007,ENTER,
2023-01-30T12:38:40Z,S1,P1009,EXIT,
2023-01-30T12:38:40Z,S1,P1010,ENTER,
2023-01-30T12:38:50Z,S2,P1009,ENTER,
2023-01-30T12:39:07Z,S1,P1010,EXIT,
2023-01-30T12:39:07Z,S1,P1011,ENTER,
2023-01-30T12:39:12Z,S2,P1008,EXIT,
2023-01-30T12:39:18Z,S2,P1010,ENTER,
2023-01-30T12:39:23Z,S1,P1011,EXIT,
2023-01-30T12:39:23Z,S1,P1012,ENTER,
2023-01-30T12:39:25Z,S2,P1009,EXIT,
2023-01-30T12:39:33Z,S2,P1011,ENTER,
2023-01-30T12:39:33Z,S3,P1009,ENTER,
2023-01-30T12:39:34Z,S4,P1007,EXIT,
2023-01-30T12:39:34Z,S4,P1008,ENTER,
2023-01-30T12:39:40Z,S1,P1012,EXIT,
2023-01-30T12:39:40Z,S1,P1013,ENTER,
2023-01-30T12:40:11Z,S3,P1009,EXIT,
2023-01-30T12:40:47Z,S2,P1011,EXIT,
2023-01-30T12:40:47Z,S2,P1012,ENTER,
2023-01-30T12:40:47Z,S4,P1008,EXIT,
2023-01-30T12:40:57Z,S4,P1011,ENTER,
2023-01-30T12:41:36Z,S4,P1011,EXIT,
2023-01-30T12:41:52Z,S1,P1013,EXIT,
2023-01-30T12:41:52Z,S1,P1014,ENTER,
2023-01-30T12:42:23Z,S2,P1010,EXIT,
2023-01-30T12:42:23Z,S2,P1009,ENTER,
2023-01-30T12:42:31Z,S1,P1014,EXIT,
2023-01-30T12:42:31Z,S1,P1015,ENTER,
2023-01-30T12:42:33Z,S4,P1010,ENTER,
2023-01-30T12:42:53Z,S4,P1010,EXIT,
2023-01-30T12:43:01Z,S2,P1012,EXIT,
2023-01-30T12:43:01Z,S2,P1013,ENTER,
2023-01-30T12:43:11Z,S3,P1012,ENTER,
2023-01-30T12:43:31Z,S2,P1009,EXIT,
2023-01-30T12:43:31Z,S2,P1014,ENTER,
2023-01-30T12:43:59Z,S1,P1015,EXIT,
2023-01-30T12:43:59Z,S1,P1016,ENTER,
2023-01-30T12:44:24Z,S3,P1012,EXIT,
2023-01-30T12:44:24Z,S3,P1009,ENTER,
2023-01-30T12:44:57Z,S3,P1009,EXIT,
2023-01-30T12:44:59Z,S2,P1014,EXIT,
2023-01-30T12:44:59Z,S2,P1015,ENTER,
2023-01-30T12:45:07Z,S3,P1014,ENTER,
2023-01-30T12:45:48Z,S1,P1016,EXIT,
2023-01-30T12:45:48Z,S1,P1017,ENTER,
2023-01-30T12:46:07Z,S3,P1014,EXIT,
2023-01-30T12:46:29Z,S1,P1017,EXIT,
2023-01-30T12:46:29Z,S1,P1018,ENTER,
2023-01-30T12:46:48Z,S2,P1015,EXIT,
2023-01-30T12:46:48Z,S2,P1012,ENTER,
2023-01-30T12:46:54Z,S2,P1013,EXIT,
2023-01-30T12:46:54Z,S2,P1009,ENTER,
2023-01-30T12:46:58Z,S3,P1015,ENTER,
2023-01-30T12:47:16Z,S2,P1009,EXIT,
2023-01-30T12:47:16Z,S2,P1016,ENTER,
2023-01-30T12:47:19Z,S3,P1015,EXIT,
2023-01-30T12:47:19Z,S3,P1013,ENTER,
2023-01-30T12:48:40Z,S2,P1012,EXIT,
2023-01-30T12:48:40Z,S2,P1014,ENTER,
2023-01-30T12:48:51Z,S3,P1013,EXIT,
2023-01-30T12:48:51Z,S3,P1009,ENTER,
2023-01-30T12:48:51Z,S1,P1018,EXIT,
2023-01-30T12:48:51Z,S1,P1019,ENTER,
2023-01-30T12:48:53Z,S2,P1016,EXIT,
2023-01-30T12:48:53Z,S2,P1017,ENTER,
2023-01-30T12:49:25Z,S2,P1014,EXIT,
2023-01-30T12:49:25Z,S2,P1015,ENTER,
2023-01-30T12:49:37Z,S4,P1014,ENTER,
2023-01-30T12:49:53Z,S3,P1009,EXIT,
2023-01-30T12:49:53Z,S3,P1012,ENTER,
2023-01-30T12:50:02Z,S2,P1017,EXIT,
2023-01-30T12:50:02Z,S2,P1013,ENTER,
2023-01-30T12:50:03Z,S1,P1019,EXIT,
2023-01-30T12:50:43Z,S4,P1014,EXIT,
2023-01-30T12:50:43Z,S1,P1020,ENTER,
2023-01-30T12:50:43Z,S4,P1017,ENTER,
2023-01-30T12:51:00Z,S2,P1013,EXIT,
2023-01-30T12:51:00Z,S2,P1018,ENTER,
2023-01-30T12:51:13Z,S3,P1012,EXIT,
2023-01-30T12:51:13Z,S3,P1016,ENTER,
2023-01-30T12:51:14Z,S2,P1015,EXIT,
2023-01-30T12:51:14Z,S2,P1009,ENTER,
2023-01-30T12:51:28Z,S4,P1017,EXIT,
2023-01-30T12:51:28Z,S4,P1013,ENTER,
2023-01-30T12:52:00Z,S3,P1016,EXIT,
2023-01-30T12:52:05Z,S4,P1013,EXIT,
2023-01-30T12:52:05Z,S4,P1015,ENTER,
2023-01-30T12:52:27Z,S1,P1020,EXIT,
2023-01-30T12:52:27Z,S1,P1021,ENTER,
2023-01-30T12:52:31Z,S2,P1009,EXIT,
2023-01-30T12:52:31Z,S2,P1019,ENTER,
2023-01-30T12:52:46Z,S4,P1015,EXIT,
2023-01-30T12:52:46Z,S4,P1009,ENTER,
2023-01-30T12:52:57Z,S2,P1018,EXIT,
2023-01-30T12:52:57Z,S2,P1012,ENTER,
2023-01-30T12:53:30Z,S1,P1021,EXIT,
2023-01-30T12:53:30Z,S1,P1022,ENTER,
2023-01-30T12:53:58Z,S4,P1009,EXIT,
2023-01-30T12:53:58Z,S4,P1018,ENTER,
2023-01-30T12:54:01Z,S1,P1022,EXIT,
2023-01-30T12:54:01Z,S1,P1023,ENTER,
2023-01-30T12:54:08Z,S2,P1019,EXIT,
2023-01-30T12:54:08Z,S2,P1016,ENTER,
2023-01-30T12:54:39Z,S1,P1023,EXIT,
2023-01-30T12:54:39Z,S1,P1024,ENTER,
2023-01-30T12:55:00Z,S4,P1018,EXIT,
2023-01-30T12:55:00Z,S4,P1019,ENTER,
2023-01-30T12:55:07Z,S1,P1024,EXIT,
2023-01-30T12:55:07Z,S1,P1025,ENTER,
2023-01-30T12:55:35Z,S2,P1012,EXIT,
2023-01-30T12:55:35Z,S2,P1020,ENTER,
2023-01-30T12:55:36Z,S2,P1016,EXIT,
2023-01-30T12:55:36Z,S2,P1021,ENTER,
2023-01-30T12:56:18Z,S4,P1019,EXIT,
2023-01-30T12:56:18Z,S4,P1012,ENTER,
2023-01-30T12:56:25Z,S1,P1025,EXIT,
2023-01-30T12:56:25Z,S1,P1026,ENTER,
2023-01-30T12:56:26Z,S2,P1021,EXIT,
2023-01-30T12:56:26Z,S2,P1022,ENTER,
2023-01-30T12:56:35Z,S2,P1020,EXIT,
2023-01-30T12:56:35Z,S2,P1023,ENTER,
2023-01-30T12:56:49Z,S4,P1012,EXIT,
2023-01-30T12:56:49Z,S4,P1016,ENTER,
2023-01-30T12:57:09Z,S2,P1022,EXIT,
2023-01-30T12:57:09Z,S2,P1024,ENTER,
2023-01-30T12:57:31Z,S1,P1026,EXIT,
2023-01-30T12:57:31Z,S1,P1027,ENTER,
2023-01-30T12:57:48Z,S4,P1016,EXIT,
2023-01-30T12:57:48Z,S4,P1021,ENTER,
2023-01-30T12:57:50Z,S2,P1023,EXIT,
2023-01-30T12:57:50Z,S2,P1025,ENTER,
2023-01-30T12:58:13Z,S1,P1027,EXIT,
2023-01-30T12:58:13Z,S1,P1028,ENTER,
2023-01-30T12:58:34Z,S2,P1025,EXIT,
2023-01-30T12:58:34Z,S2,P1026,ENTER,
2023-01-30T12:58:43Z,S1,P1028,EXIT,
2023-01-30T12:58:48Z,S4,P1021,EXIT,
2023-01-30T12:58:48Z,S1,P1029,ENTER,
2023-01-30T12:58:48Z,S4,P1020,ENTER,
2023-01-30T12:58:48Z,S2,P1024,EXIT,
2023-01-30T12:58:48Z,S2,P1027,ENTER,
2023-01-30T12:59:37Z,S1,P1029,EXIT,
2023-01-30T12:59:41Z,S4,P1020,EXIT,
2023-01-30T12:59:41Z,S1,P1030,ENTER,
2023-01-30T12:59:41Z,S4,P1022,ENTER,
2023-01-30T13:00:33Z,S2,P1027,EXIT,
2023-01-30T13:00:33Z,S2,P1028,ENTER,
2023-01-30T13:00:35Z,S1,P1030,EXIT,
2023-01-30T13:00:55Z,S4,P1022,EXIT,
2023-01-30T13:00:55Z,S1,P1031,ENTER,
2023-01-30T13:00:55Z,S4,P1023,ENTER,
2023-01-30T13:00:55Z,S2,P1026,EXIT,
2023-01-30T13:00:55Z,S2,P1029,ENTER,
2023-01-30T13:01:46Z,S2,P1028,EXIT,
2023-01-30T13:01:46Z,S2,P1030,ENTER,
2023-01-30T13:01:56Z,S2,P1029,EXIT,
2023-01-30T13:01:58Z,S3,P1028,ENTER,
2023-01-30T13:02:01Z,S4,P1023,EXIT,
2023-01-30T13:02:01Z,S4,P1025,ENTER,
2023-01-30T13:02:51Z,S4,P1025,EXIT,
2023-01-30T13:02:51Z,S4,P1024,ENTER,
2023-01-30T13:02:58Z,S1,P1031,EXIT,
2023-01-30T13:02:58Z,S1,P1032,ENTER,
2023-01-30T13:03:09Z,S2,P1031,ENTER,
2023-01-30T13:03:21Z,S1,P1032,EXIT,
2023-01-30T13:03:21Z,S1,P1033,ENTER,
2023-01-30T13:03:32Z,S3,P1028,EXIT,
2023-01-30T13:03:32Z,S3,P1029,ENTER,
2023-01-30T13:03:35Z,S2,P1030,EXIT,
2023-01-30T13:03:35Z,S2,P1032,ENTER,
2023-01-30T13:03:56Z,S1,P1033,EXIT,
2023-01-30T13:03:56Z,S3,P1029,EXIT,
2023-01-30T13:03:56Z,S3,P1030,ENTER,
2023-01-30T13:04:17Z,S3,P1030,EXIT,
2023-01-30T13:04:29Z,S4,P1024,EXIT,
2023-01-30T13:04:29Z,S1,P1034,ENTER,
2023-01-30T13:04:29Z,S4,P1027,ENTER,
2023-01-30T13:04:44Z,S2,P1031,EXIT,
2023-01-30T13:04:44Z,S2,P1028,ENTER,
2023-01-30T13:05:23Z,S1,P1034,EXIT,
2023-01-30T13:05:25Z,S4,P1027,EXIT,
2023-01-30T13:05:25Z,S1,P1035,ENTER,
2023-01-30T13:05:25Z,S4,P1026,ENTER,
2023-01-30T13:05:46Z,S4,P1026,EXIT,
2023-01-30T13:05:46Z,S4,P1031,ENTER,
2023-01-30T13:06:14Z,S4,P1031,EXIT,
2023-01-30T13:06:19Z,S2,P1032,EXIT,
2023-01-30T13:06:19Z,S2,P1033,ENTER,
2023-01-30T13:06:27Z,S3,P1032,ENTER,
2023-01-30T13:07:03Z,S3,P1032,EXIT,
2023-01-30T13:07:14Z,S1,P1035,EXIT,
2023-01-30T13:07:14Z,S1,P1036,ENTER,
2023-01-30T13:07:48Z,S2,P1028,EXIT,
2023-01-30T13:07:48Z,S2,P1029,ENTER,
2023-01-30T13:07:58Z,S4,P1028,ENTER,
2023-01-30T13:08:04Z,S1,P1036,EXIT,
2023-01-30T13:08:04Z,S1,P1037,ENTER,
2023-01-30T13:09:17Z,S2,P1033,EXIT,
2023-01-30T13:09:17Z,S2,P1030,ENTER,
2023-01-30T13:09:27Z,S3,P1033,ENTER,
2023-01-30T13:10:05Z,S4,P1028,EXIT,
2023-01-30T13:10:16Z,S2,P1029,EXIT,
2023-01-30T13:10:16Z,S2,P1034,ENTER,
2023-01-30T13:10:23Z,S1,P1037,EXIT,
2023-01-30T13:10:23Z,S1,P1038,ENTER,
2023-01-30T13:10:25Z,S4,P1029,ENTER,
2023-01-30T13:10:45Z,S1,P1038,EXIT,
2023-01-30T13:11:02Z,S3,P1033,EXIT,
2023-01-30T13:11:25Z,S2,P1030,EXIT,
2023-01-30T13:11:25Z,S2,P1032,ENTER,
2023-01-30T13:11:37Z,S3,P1030,ENTER,
2023-01-30T13:12:11Z,S2,P1032,EXIT,
2023-01-30T13:12:11Z,S2,P1035,ENTER,
2023-01-30T13:12:27Z,S3,P1030,EXIT,
2023-01-30T13:12:27Z,S3,P1032,ENTER,
2023-01-30T13:13:29Z,S2,P1035,EXIT,
2023-01-30T13:13:29Z,S2,P1036,ENTER,
2023-01-30T13:13:32Z,S2,P1034,EXIT,
2023-01-30T13:13:32Z,S2,P1037,ENTER,
2023-01-30T13:13:38Z,S3,P1032,EXIT,
2023-01-30T13:13:43Z,S3,P1034,ENTER,
2023-01-30T13:13:53Z,S4,P1029,EXIT,
2023-01-30T13:13:53Z,S1,P1039,ENTER,
2023-01-30T13:13:53Z,S4,P1035,ENTER,
2023-01-30T13:14:08Z,S1,P1039,EXIT,
2023-01-30T13:14:17Z,S3,P1034,EXIT,
2023-01-30T13:16:05Z,S4,P1035,EXIT,
2023-01-30T13:16:05Z,S1,P1040,ENTER,
2023-01-30T13:16:08Z,S2,P1036,EXIT,
2023-01-30T13:16:08Z,S2,P1038,ENTER,
2023-01-30T13:16:15Z,S4,P1036,ENTER,
2023-01-30T13:16:56Z,S2,P1037,EXIT,
2023-01-30T13:16:56Z,S2,P1033,ENTER,
2023-01-30T13:17:06Z,S4,P1036,EXIT,
2023-01-30T13:17:06Z,S4,P1037,ENTER,
2023-01-30T13:17:52Z,S2,P1038,EXIT,
2023-01-30T13:17:52Z,S2,P1030,ENTER,
2023-01-30T13:17:58Z,S2,P1033,EXIT,
2023-01-30T13:17:58Z,S2,P1032,ENTER,
2023-01-30T13:18:14Z,S1,P1040,EXIT,
2023-01-30T13:18:14Z,S1,P1041,ENTER,
2023-01-30T13:18:26Z,S2,P1030,EXIT,
2023-01-30T13:18:26Z,S2,P1039,ENTER,
2023-01-30T13:18:31Z,S4,P1037,EXIT,
2023-01-30T13:18:31Z,S4,P1038,ENTER,
2023-01-30T13:18:47Z,S1,P1041,EXIT,
2023-01-30T13:18:47Z,S1,P1042,ENTER,
2023-01-30T13:19:32Z,S2,P1039,EXIT,
2023-01-30T13:19:32Z,S2,P1034,ENTER,
2023-01-30T13:19:39Z,S1,P1042,EXIT,
2023-01-30T13:19:50Z,S2,P1032,EXIT,
2023-01-30T13:19:50Z,S2,P1040,ENTER,
2023-01-30T13:20:38Z,S4,P1038,EXIT,
2023-01-30T13:20:38Z,S1,P1043,ENTER,
2023-01-30T13:20:38Z,S4,P1033,ENTER,
2023-01-30T13:20:40Z,S2,P1034,EXIT,
2023-01-30T13:20:40Z,S2,P1041,ENTER,
2023-01-30T13:20:49Z,S3,P1034,ENTER,
2023-01-30T13:21:25Z,S4,P1033,EXIT,
2023-01-30T13:21:25Z,S4,P1030,ENTER,
2023-01-30T13:21:28Z,S1,P1043,EXIT,
2023-01-30T13:21:28Z,S1,P1044,ENTER,
2023-01-30T13:21:37Z,S2,P1040,EXIT,
2023-01-30T13:21:37Z,S2,P1042,ENTER,
2023-01-30T13:21:38Z,S3,P1034,EXIT,
2023-01-30T13:21:49Z,S3,P1040,ENTER,
2023-01-30T13:22:16Z,S3,P1040,EXIT,
2023-01-30T13:22:20Z,S2,P1042,EXIT,
2023-01-30T13:22:20Z,S2,P1043,ENTER,
2023-01-30T13:22:35Z,S2,P1041,EXIT,
2023-01-30T13:22:35Z,S2,P1034,ENTER,
2023-01-30T13:22:46Z,S1,P1044,EXIT,
2023-01-30T13:22:46Z,S3,P1041,ENTER,
2023-01-30T13:23:15Z,S3,P1041,EXIT,
2023-01-30T13:23:38Z,S4,P1030,EXIT,
2023-01-30T13:23:38Z,S1,P1045,ENTER,
2023-01-30T13:23:38Z,S4,P1039,ENTER,
2023-01-30T13:24:07Z,S2,P1034,EXIT,
2023-01-30T13:24:07Z,S2,P1040,ENTER,
2023-01-30T13:24:31Z,S1,P1045,EXIT,
2023-01-30T13:24:42Z,S2,P1043,EXIT,
2023-01-30T13:24:42Z,S2,P1044,ENTER,
2023-01-30T13:24:56Z,S3,P1043,ENTER,
2023-01-30T13:25:13Z,S4,P1039,EXIT,
2023-01-30T13:25:13Z,S1,P1046,ENTER,
2023-01-30T13:25:13Z,S4,P1032,ENTER,
2023-01-30T13:25:20Z,S2,P1044,EXIT,
2023-01-30T13:25:20Z,S2,P1041,ENTER,
2023-01-30T13:26:01Z,S3,P1043,EXIT,
2023-01-30T13:26:07Z,S4,P1032,EXIT,
2023-01-30T13:26:07Z,S4,P1042,ENTER,
2023-01-30T13:26:38Z,S1,P1046,EXIT,
2023-01-30T13:26:38Z,S1,P1047,ENTER,
2023-01-30T13:27:11Z,S4,P1042,EXIT,
2023-01-30T13:27:11Z,S4,P1034,ENTER,
2023-01-30T13:27:18Z,S2,P1040,EXIT,
2023-01-30T13:27:18Z,S2,P1045,ENTER,
2023-01-30T13:27:44Z,S2,P1041,EXIT,
2023-01-30T13:27:44Z,S2,P1043,ENTER,
2023-01-30T13:27:55Z,S3,P1041,ENTER,
2023-01-30T13:28:25Z,S4,P1034,EXIT,
2023-01-30T13:28:25Z,S4,P1044,ENTER,
2023-01-30T13:28:32Z,S1,P1047,EXIT,
2023-01-30T13:28:32Z,S1,P1048,ENTER,
2023-01-30T13:28:58Z,S3,P1041,EXIT,
2023-01-30T13:29:22Z,S1,P1048,EXIT,
2023-01-30T13:29:22Z,S1,P1049,ENTER,
2023-01-30T13:29:22Z,S2,P1045,EXIT,
2023-01-30T13:29:22Z,S2,P1046,ENTER,
2023-01-30T13:29:33Z,S3,P1045,ENTER,
2023-01-30T13:30:00Z,S3,P1045,EXIT,
2023-01-30T13:30:13Z,S1,P1049,EXIT,
2023-01-30T13:30:21Z,S2,P1046,EXIT,
2023-01-30T13:30:21Z,S2,P1047,ENTER,
2023-01-30T13:30:22Z,S4,P1044,EXIT,
2023-01-30T13:30:22Z,S1,P1050,ENTER,
2023-01-30T13:30:22Z,S4,P1040,ENTER,
2023-01-30T13:30:36Z,S2,P1043,EXIT,
2023-01-30T13:30:36Z,S2,P1041,ENTER,
2023-01-30T13:31:05Z,S4,P1040,EXIT,
2023-01-30T13:31:05Z,S4,P1046,ENTER,
2023-01-30T13:32:11Z,S1,P1050,EXIT,
2023-01-30T13:32:11Z,S1,P1051,ENTER,
2023-01-30T13:32:20Z,S4,P1046,EXIT,
2023-01-30T13:32:20Z,S4,P1043,ENTER,
2023-01-30T13:32:24Z,S2,P1047,EXIT,
2023-01-30T13:32:24Z,S2,P1048,ENTER,
2023-01-30T13:32:32Z,S3,P1047,ENTER,
2023-01-30T13:32:45Z,S2,P1041,EXIT,
2023-01-30T13:32:45Z,S2,P1045,ENTER,
2023-01-30T13:33:01Z,S1,P1051,EXIT,
2023-01-30T13:33:01Z,S1,P1052,ENTER,
2023-01-30T13:33:19Z,S3,P1047,EXIT,
2023-01-30T13:33:26Z,S4,P1043,EXIT,
2023-01-30T13:33:26Z,S4,P1041,ENTER,
2023-01-30T13:33:58Z,S1,P1052,EXIT,
2023-01-30T13:33:58Z,S1,P1053,ENTER,
2023-01-30T13:34:08Z,S2,P1048,EXIT,
2023-01-30T13:34:08Z,S2,P1049,ENTER,
2023-01-30T13:34:09Z,S4,P1041,EXIT,
2023-01-30T13:34:11Z,S2,P1045,EXIT,
2023-01-30T13:34:11Z,S2,P1050,ENTER,
2023-01-30T13:34:15Z,S3,P1048,ENTER,
2023-01-30T13:34:22Z,S4,P1045,ENTER,
2023-01-30T13:34:54Z,S2,P1049,EXIT,
2023-01-30T13:34:54Z,S2,P1051,ENTER,
2023-01-30T13:34:59Z,S2,P1050,EXIT,
2023-01-30T13:34:59Z,S2,P1047,ENTER,
2023-01-30T13:35:32Z,S1,P1053,EXIT,
2023-01-30T13:35:32Z,S1,P1054,ENTER,
2023-01-30T13:35:45Z,S3,P1048,EXIT,
2023-01-30T13:35:45Z,S3,P1050,ENTER,
2023-01-30T13:36:00Z,S3,P1050,EXIT,
2023-01-30T13:36:13Z,S4,P1045,EXIT,
2023-01-30T13:36:13Z,S4,P1049,ENTER,
2023-01-30T13:36:16Z,S2,P1051,EXIT,
2023-01-30T13:36:16Z,S2,P1052,ENTER,
2023-01-30T13:36:51Z,S2,P1047,EXIT,
2023-01-30T13:36:51Z,S2,P1053,ENTER,
2023-01-30T13:36:53Z,S2,P1052,EXIT,
2023-01-30T13:36:53Z,S2,P1048,ENTER,
2023-01-30T13:37:05Z,S3,P1052,ENTER,
2023-01-30T13:37:30Z,S4,P1049,EXIT,
2023-01-30T13:37:30Z,S4,P1051,ENTER,
2023-01-30T13:37:41Z,S2,P1053,EXIT,
2023-01-30T13:37:41Z,S2,P1050,ENTER,
2023-01-30T13:38:03Z,S3,P1052,EXIT,
2023-01-30T13:38:25Z,S2,P1048,EXIT,
2023-01-30T13:38:25Z,S2,P1052,ENTER,
2023-01-30T13:38:28Z,S1,P1054,EXIT,
2023-01-30T13:38:28Z,S1,P1055,ENTER,
2023-01-30T13:38:50Z,S4,P1051,EXIT,
2023-01-30T13:38:50Z,S4,P1047,ENTER,
2023-01-30T13:39:26Z,S1,P1055,EXIT,
2023-01-30T13:39:26Z,S1,P1056,ENTER,
2023-01-30T13:39:26Z,S2,P1052,EXIT,
2023-01-30T13:39:26Z,S2,P1054,ENTER,
2023-01-30T13:39:36Z,S3,P1052,ENTER,
2023-01-30T13:39:39Z,S2,P1050,EXIT,
2023-01-30T13:39:39Z,S2,P1055,ENTER,
2023-01-30T13:39:51Z,S1,P1056,EXIT,
2023-01-30T13:39:51Z,S1,P1057,ENTER,
2023-01-30T13:40:08Z,S4,P1047,EXIT,
2023-01-30T13:40:08Z,S4,P1053,ENTER,
2023-01-30T13:40:12Z,S2,P1054,EXIT,
2023-01-30T13:40:12Z,S2,P1056,ENTER,
2023-01-30T13:40:15Z,S1,P1057,EXIT,
2023-01-30T13:40:15Z,S1,P1058,ENTER,
2023-01-30T13:40:21Z,S3,P1052,EXIT,
2023-01-30T13:41:08Z,S2,P1055,EXIT,
2023-01-30T13:41:08Z,S2,P1057,ENTER,
2023-01-30T13:41:13Z,S4,P1053,EXIT,
2023-01-30T13:41:13Z,S4,P1048,ENTER,
2023-01-30T13:41:22Z,S3,P1055,ENTER,
2023-01-30T13:41:43Z,S1,P1058,EXIT,
2023-01-30T13:41:43Z,S1,P1059,ENTER,
2023-01-30T13:41:49Z,S4,P1048,EXIT,
2023-01-30T13:41:49Z,S4,P1050,ENTER,
2023-01-30T13:42:17Z,S1,P1059,EXIT,
2023-01-30T13:42:17Z,S1,P1060,ENTER,
2023-01-30T13:42:23Z,S3,P1055,EXIT,
2023-01-30T13:42:38Z,S4,P1050,EXIT,
2023-01-30T13:42:38Z,S4,P1054,ENTER,
2023-01-30T13:43:02Z,S4,P1054,EXIT,
2023-01-30T13:43:06Z,S2,P1057,EXIT,
2023-01-30T13:43:06Z,S2,P1052,ENTER,
2023-01-30T13:43:16Z,S3,P1057,ENTER,
2023-01-30T13:43:33Z,S2,P1056,EXIT,
2023-01-30T13:43:33Z,S2,P1058,ENTER,
2023-01-30T13:43:40Z,S4,P1056,ENTER,
2023-01-30T13:44:12Z,S2,P1058,EXIT,
2023-01-30T13:44:12Z,S2,P1059,ENTER,
2023-01-30T13:44:26Z,S3,P1057,EXIT,
2023-01-30T13:44:26Z,S3,P1058,ENTER,
2023-01-30T13:44:53Z,S3,P1058,EXIT,
2023-01-30T13:45:00Z,S1,P1060,EXIT,
2023-01-30T13:45:00Z,S1,P1061,ENTER,
2023-01-30T13:45:17Z,S4,P1056,EXIT,
2023-01-30T13:46:44Z,S2,P1052,EXIT,
2023-01-30T13:46:44Z,S2,P1055,ENTER,
2023-01-30T13:46:51Z,S1,P1061,EXIT,
2023-01-30T13:46:51Z,S1,P1062,ENTER,
2023-01-30T13:46:54Z,S3,P1052,ENTER,
2023-01-30T13:46:57Z,S2,P1059,EXIT,
2023-01-30T13:46:57Z,S2,P1057,ENTER,
2023-01-30T13:47:13Z,S3,P1052,EXIT,
2023-01-30T13:47:13Z,S3,P1059,ENTER,
2023-01-30T13:47:54Z,S3,P1059,EXIT,
2023-01-30T13:48:07Z,S2,P1055,EXIT,
2023-01-30T13:48:07Z,S2,P1058,ENTER,
2023-01-30T13:48:09Z,S2,P1057,EXIT,
2023-01-30T13:48:09Z,S2,P1060,ENTER,
2023-01-30T13:48:15Z,S4,P1055,ENTER,
2023-01-30T13:48:22Z,S3,P1057,ENTER,
2023-01-30T13:48:42Z,S1,P1062,EXIT,
2023-01-30T13:48:42Z,S1,P1063,ENTER,
2023-01-30T13:49:13Z,S4,P1055,EXIT,
2023-01-30T13:49:25Z,S3,P1057,EXIT,
2023-01-30T13:50:07Z,S1,P1063,EXIT,
2023-01-30T13:50:07Z,S1,P1064,ENTER,
2023-01-30T13:50:08Z,S2,P1058,EXIT,
2023-01-30T13:50:08Z,S2,P1061,ENTER,
2023-01-30T13:50:20Z,S4,P1058,ENTER,
2023-01-30T13:51:03Z,S2,P1060,EXIT,
2023-01-30T13:51:03Z,S2,P1052,ENTER,
2023-01-30T13:51:06Z,S2,P1061,EXIT,
2023-01-30T13:51:06Z,S2,P1059,ENTER,
2023-01-30T13:51:09Z,S1,P1064,EXIT,
2023-01-30T13:51:16Z,S3,P1061,ENTER,
2023-01-30T13:51:30Z,S4,P1058,EXIT,
2023-01-30T13:51:30Z,S1,P1065,ENTER,
2023-01-30T13:51:30Z,S4,P1060,ENTER,
2023-01-30T13:51:58Z,S3,P1061,EXIT,
2023-01-30T13:51:59Z,S1,P1065,EXIT,
2023-01-30T13:52:01Z,S4,P1060,EXIT,
2023-01-30T13:52:01Z,S1,P1066,ENTER,
2023-01-30T13:52:21Z,S2,P1059,EXIT,
2023-01-30T13:52:21Z,S2,P1062,ENTER,
2023-01-30T13:52:23Z,S2,P1052,EXIT,
2023-01-30T13:52:23Z,S2,P1057,ENTER,
2023-01-30T13:52:32Z,S3,P1059,ENTER,
2023-01-30T13:52:35Z,S4,P1052,ENTER,
2023-01-30T13:52:57Z,S1,P1066,EXIT,
2023-01-30T13:53:16Z,S3,P1059,EXIT,
2023-01-30T13:53:34Z,S2,P1057,EXIT,
2023-01-30T13:53:34Z,S2,P1063,ENTER,
2023-01-30T13:53:44Z,S3,P1057,ENTER,
2023-01-30T13:54:09Z,S4,P1052,EXIT,
2023-01-30T13:54:09Z,S1,P1067,ENTER,
2023-01-30T13:54:30Z,S3,P1057,EXIT,
2023-01-30T13:54:37Z,S2,P1063,EXIT,
2023-01-30T13:54:37Z,S2,P1064,ENTER,
2023-01-30T13:54:39Z,S1,P1067,EXIT,
2023-01-30T13:54:47Z,S4,P1063,ENTER,
2023-01-30T13:55:19Z,S2,P1062,EXIT,
2023-01-30T13:55:19Z,S2,P1065,ENTER,
2023-01-30T13:55:29Z,S4,P1063,EXIT,
2023-01-30T13:55:29Z,S1,P1068,ENTER,
2023-01-30T13:55:31Z,S3,P1062,ENTER,
2023-01-30T13:55:51Z,S3,P1062,EXIT,
2023-01-30T13:55:55Z,S2,P1064,EXIT,
2023-01-30T13:55:55Z,S2,P1061,ENTER,
2023-01-30T13:55:59Z,S1,P1068,EXIT,
2023-01-30T13:56:03Z,S4,P1064,ENTER,
2023-01-30T13:57:43Z,S2,P1065,EXIT,
2023-01-30T13:57:43Z,S2,P1066,ENTER,
2023-01-30T13:57:45Z,S4,P1064,EXIT,
2023-01-30T13:57:45Z,S1,P1069,ENTER,
2023-01-30T13:57:52Z,S3,P1065,ENTER,
2023-01-30T13:58:33Z,S3,P1065,EXIT,
2023-01-30T13:58:54Z,S2,P1061,EXIT,
2023-01-30T13:58:54Z,S2,P1059,ENTER,
2023-01-30T13:59:02Z,S3,P1061,ENTER,
2023-01-30T13:59:07Z,S1,P1069,EXIT,
2023-01-30T14:00:13Z,S2,P1066,EXIT,
2023-01-30T14:00:13Z,S2,P1057,ENTER,
2023-01-30T14:00:24Z,S4,P1066,ENTER,
2023-01-30T14:00:38Z,S3,P1061,EXIT,
2023-01-30T14:01:35Z,S2,P1059,EXIT,
2023-01-30T14:01:35Z,S2,P1067,ENTER,
2023-01-30T14:01:41Z,S3,P1059,ENTER,
2023-01-30T14:01:51Z,S2,P1057,EXIT,
2023-01-30T14:01:51Z,S2,P1062,ENTER,
2023-01-30T14:01:57Z,S2,P1067,EXIT,
2023-01-30T14:01:57Z,S2,P1068,ENTER,
2023-01-30T14:01:58Z,S4,P1066,EXIT,
2023-01-30T14:01:58Z,S1,P1070,ENTER,
2023-01-30T14:02:04Z,S4,P1057,ENTER,
2023-01-30T14:02:31Z,S3,P1059,EXIT,
2023-01-30T14:02:31Z,S3,P1067,ENTER,
2023-01-30T14:03:02Z,S4,P1057,EXIT,
2023-01-30T14:03:11Z,S1,P1070,EXIT,
2023-01-30T14:03:11Z,S1,P1071,ENTER,
2023-01-30T14:03:49Z,S1,P1071,EXIT,
2023-01-30T14:04:45Z,S2,P1062,EXIT,
2023-01-30T14:04:45Z,S2,P1065,ENTER,
2023-01-30T14:04:45Z,S3,P1067,EXIT,
2023-01-30T14:04:52Z,S4,P1062,ENTER,
2023-01-30T14:06:01Z,S2,P1068,EXIT,
2023-01-30T14:06:01Z,S2,P1069,ENTER,
2023-01-30T14:06:12Z,S4,P1062,EXIT,
2023-01-30T14:06:12Z,S1,P1072,ENTER,
2023-01-30T14:06:14Z,S3,P1068,ENTER,
2023-01-30T14:06:42Z,S1,P1072,EXIT,
2023-01-30T14:07:24Z,S2,P1065,EXIT,
2023-01-30T14:07:24Z,S2,P1061,ENTER,
2023-01-30T14:07:24Z,S3,P1068,EXIT,
2023-01-30T14:07:36Z,S4,P1065,ENTER,
2023-01-30T14:08:19Z,S4,P1065,EXIT,
2023-01-30T14:08:19Z,S1,P1073,ENTER,
2023-01-30T14:08:32Z,S2,P1069,EXIT,
2023-01-30T14:08:32Z,S2,P1059,ENTER,
2023-01-30T14:08:40Z,S4,P1069,ENTER,
2023-01-30T14:08:49Z,S1,P1073,EXIT,
2023-01-30T14:09:27Z,S2,P1059,EXIT,
2023-01-30T14:09:27Z,S2,P1070,ENTER,
2023-01-30T14:09:37Z,S3,P1059,ENTER,
2023-01-30T14:09:46Z,S4,P1069,EXIT,
2023-01-30T14:09:46Z,S1,P1074,ENTER,
2023-01-30T14:10:17Z,S2,P1061,EXIT,
2023-01-30T14:10:17Z,S2,P1071,ENTER,
2023-01-30T14:10:24Z,S4,P1061,ENTER,
2023-01-30T14:10:25Z,S3,P1059,EXIT,
2023-01-30T14:10:49Z,S1,P1074,EXIT,
2023-01-30T14:11:00Z,S4,P1061,EXIT,
2023-01-30T14:11:00Z,S1,P1075,ENTER,
2023-01-30T14:11:10Z,S2,P1070,EXIT,
2023-01-30T14:11:10Z,S2,P1067,ENTER,
2023-01-30T14:11:19Z,S4,P1070,ENTER,
2023-01-30T14:12:23Z,S1,P1075,EXIT,
2023-01-30T14:12:28Z,S2,P1071,EXIT,
2023-01-30T14:12:28Z,S2,P1072,ENTER,
2023-01-30T14:12:38Z,S3,P1071,ENTER,
2023-01-30T14:12:52Z,S3,P1071,EXIT,
2023-01-30T14:13:26Z,S4,P1070,EXIT,
2023-01-30T14:13:26Z,S1,P1076,ENTER,
2023-01-30T14:13:42Z,S2,P1067,EXIT,
2023-01-30T14:13:42Z,S2,P1068,ENTER,
2023-01-30T14:13:52Z,S4,P1067,ENTER,
2023-01-30T14:13:58Z,S2,P1072,EXIT,
2023-01-30T14:13:58Z,S2,P1073,ENTER,
2023-01-30T14:14:12Z,S4,P1067,EXIT,
2023-01-30T14:14:12Z,S4,P1072,ENTER,
2023-01-30T14:14:30Z,S1,P1076,EXIT,
2023-01-30T14:14:30Z,S1,P1077,ENTER,
2023-01-30T14:14:58Z,S2,P1073,EXIT,
2023-01-30T14:14:58Z,S2,P1059,ENTER,
2023-01-30T14:15:15Z,S1,P1077,EXIT,
2023-01-30T14:15:32Z,S2,P1068,EXIT,
2023-01-30T14:15:32Z,S2,P1074,ENTER,
2023-01-30T14:15:44Z,S4,P1072,EXIT,
2023-01-30T14:15:44Z,S1,P1078,ENTER,
2023-01-30T14:15:44Z,S4,P1073,ENTER,
2023-01-30T14:16:17Z,S4,P1073,EXIT,
2023-01-30T14:16:17Z,S4,P1068,ENTER,
2023-01-30T14:16:29Z,S2,P1059,EXIT,
2023-01-30T14:16:29Z,S2,P1075,ENTER,
2023-01-30T14:16:38Z,S3,P1059,ENTER,
2023-01-30T14:16:47Z,S2,P1074,EXIT,
2023-01-30T14:16:47Z,S2,P1071,ENTER,
2023-01-30T14:16:54Z,S4,P1068,EXIT,
2023-01-30T14:17:15Z,S2,P1075,EXIT,
2023-01-30T14:17:15Z,S2,P1076,ENTER,
2023-01-30T14:17:28Z,S4,P1075,ENTER,
2023-01-30T14:17:48Z,S3,P1059,EXIT,
2023-01-30T14:17:48Z,S3,P1074,ENTER,
2023-01-30T14:17:57Z,S2,P1071,EXIT,
2023-01-30T14:17:57Z,S2,P1077,ENTER,
2023-01-30T14:18:19Z,S1,P1078,EXIT,
2023-01-30T14:18:19Z,S1,P1079,ENTER,
2023-01-30T14:18:19Z,S3,P1074,EXIT,
2023-01-30T14:18:19Z,S3,P1071,ENTER,
2023-01-30T14:18:27Z,S2,P1076,EXIT,
2023-01-30T14:18:27Z,S2,P1059,ENTER,
2023-01-30T14:18:35Z,S4,P1075,EXIT,
2023-01-30T14:18:35Z,S4,P1076,ENTER,
2023-01-30T14:19:22Z,S3,P1071,EXIT,
2023-01-30T14:19:43Z,S1,P1079,EXIT,
2023-01-30T14:19:43Z,S1,P1080,ENTER,
2023-01-30T14:20:05Z,S2,P1059,EXIT,
2023-01-30T14:20:05Z,S2,P1078,ENTER,
2023-01-30T14:20:18Z,S4,P1076,EXIT,
2023-01-30T14:20:18Z,S4,P1059,ENTER,
2023-01-30T14:20:34Z,S4,P1059,EXIT,
2023-01-30T14:20:40Z,S2,P1078,EXIT,
2023-01-30T14:20:40Z,S2,P1074,ENTER,
2023-01-30T14:20:48Z,S2,P1077,EXIT,
2023-01-30T14:20:48Z,S2,P1071,ENTER,
2023-01-30T14:20:51Z,S3,P1078,ENTER,
2023-01-30T14:21:01Z,S1,P1080,EXIT,
2023-01-30T14:21:01Z,S1,P1081,ENTER,
2023-01-30T14:21:59Z,S3,P1078,EXIT,
2023-01-30T14:21:59Z,S3,P1077,ENTER,
2023-01-30T14:22:25Z,S1,P1081,EXIT,
2023-01-30T14:22:25Z,S1,P1082,ENTER,
2023-01-30T14:22:28Z,S3,P1077,EXIT,
2023-01-30T14:22:42Z,S2,P1074,EXIT,
2023-01-30T14:22:42Z,S2,P1079,ENTER,
2023-01-30T14:22:52Z,S3,P1074,ENTER,
2023-01-30T14:22:54Z,S2,P1071,EXIT,
2023-01-30T14:22:54Z,S2,P1080,ENTER,
2023-01-30T14:23:26Z,S2,P1079,EXIT,
2023-01-30T14:23:26Z,S2,P1078,ENTER,
2023-01-30T14:23:34Z,S4,P1079,ENTER,
2023-01-30T14:23:47Z,S3,P1074,EXIT,
2023-01-30T14:23:47Z,S3,P1071,ENTER,
2023-01-30T14:24:10Z,S1,P1082,EXIT,
2023-01-30T14:24:10Z,S1,P1083,ENTER,
2023-01-30T14:24:44Z,S4,P1079,EXIT,
2023-01-30T14:24:48Z,S2,P1078,EXIT,
2023-01-30T14:24:48Z,S2,P1081,ENTER,
2023-01-30T14:24:54Z,S3,P1071,EXIT,
2023-01-30T14:24:57Z,S4,P1078,ENTER,
2023-01-30T14:25:15Z,S2,P1081,EXIT,
2023-01-30T14:25:15Z,S2,P1077,ENTER,
2023-01-30T14:25:18Z,S1,P1083,EXIT,
2023-01-30T14:25:18Z,S1,P1084,ENTER,
2023-01-30T14:25:27Z,S3,P1081,ENTER,
2023-01-30T14:25:52Z,S2,P1080,EXIT,
2023-01-30T14:25:52Z,S2,P1074,ENTER,
2023-01-30T14:26:47Z,S2,P1077,EXIT,
2023-01-30T14:26:47Z,S2,P1082,ENTER,
2023-01-30T14:26:58Z,S4,P1078,EXIT,
2023-01-30T14:26:58Z,S4,P1080,ENTER,
2023-01-30T14:27:16Z,S2,P1074,EXIT,
2023-01-30T14:27:16Z,S2,P1071,ENTER,
2023-01-30T14:27:32Z,S3,P1081,EXIT,
2023-01-30T14:27:32Z,S3,P1077,ENTER,
2023-01-30T14:27:38Z,S1,P1084,EXIT,
2023-01-30T14:27:38Z,S1,P1085,ENTER,
2023-01-30T14:27:56Z,S2,P1082,EXIT,
2023-01-30T14:27:56Z,S2,P1083,ENTER,
2023-01-30T14:28:12Z,S2,P1071,EXIT,
2023-01-30T14:28:12Z,S2,P1081,ENTER,
2023-01-30T14:28:19Z,S1,P1085,EXIT,
2023-01-30T14:28:19Z,S3,P1077,EXIT,
2023-01-30T14:28:21Z,S3,P1071,ENTER,
2023-01-30T14:29:02Z,S4,P1080,EXIT,
2023-01-30T14:29:02Z,S1,P1086,ENTER,
2023-01-30T14:29:02Z,S4,P1074,ENTER,
2023-01-30T14:29:34Z,S2,P1083,EXIT,
2023-01-30T14:29:34Z,S2,P1084,ENTER,
2023-01-30T14:29:40Z,S3,P1071,EXIT,
2023-01-30T14:29:48Z,S4,P1074,EXIT,
2023-01-30T14:29:48Z,S4,P1082,ENTER,
2023-01-30T14:31:05Z,S4,P1082,EXIT,
2023-01-30T14:31:05Z,S4,P1083,ENTER,
2023-01-30T14:31:31Z,S1,P1086,EXIT,
2023-01-30T14:31:31Z,S1,P1087,ENTER,
2023-01-30T14:31:49Z,S2,P1081,EXIT,
2023-01-30T14:31:49Z,S2,P1077,ENTER,
2023-01-30T14:32:00Z,S2,P1084,EXIT,
2023-01-30T14:32:00Z,S2,P1085,ENTER,
2023-01-30T14:32:04Z,S1,P1087,EXIT,
2023-01-30T14:32:04Z,S1,P1088,ENTER,
2023-01-30T14:32:38Z,S2,P1077,EXIT,
2023-01-30T14:32:38Z,S2,P1071,ENTER,
2023-01-30T14:32:39Z,S4,P1083,EXIT,
2023-01-30T14:32:39Z,S4,P1081,ENTER,
2023-01-30T14:32:52Z,S3,P1077,ENTER,
2023-01-30T14:32:59Z,S1,P1088,EXIT,
2023-01-30T14:32:59Z,S1,P1089,ENTER,
2023-01-30T14:33:32Z,S2,P1071,EXIT,
2023-01-30T14:33:32Z,S2,P1086,ENTER,
2023-01-30T14:33:50Z,S3,P1077,EXIT,
2023-01-30T14:33:50Z,S3,P1071,ENTER,
2023-01-30T14:33:55Z,S2,P1085,EXIT,
2023-01-30T14:33:55Z,S2,P1087,ENTER,
2023-01-30T14:34:13Z,S2,P1086,EXIT,
2023-01-30T14:34:13Z,S2,P1088,ENTER,
2023-01-30T14:34:30Z,S1,P1089,EXIT,
2023-01-30T14:34:40Z,S3,P1071,EXIT,
2023-01-30T14:35:25Z,S2,P1088,EXIT,
2023-01-30T14:35:25Z,S2,P1077,ENTER,
2023-01-30T14:35:30Z,S4,P1081,EXIT,
2023-01-30T14:35:30Z,S1,P1090,ENTER,
2023-01-30T14:35:30Z,S4,P1084,ENTER,
2023-01-30T14:35:30Z,S2,P1087,EXIT,
2023-01-30T14:35:30Z,S2,P1089,ENTER,
2023-01-30T14:36:09Z,S4,P1084,EXIT,
2023-01-30T14:36:09Z,S4,P1085,ENTER,
2023-01-30T14:36:12Z,S2,P1077,EXIT,
2023-01-30T14:36:12Z,S2,P1071,ENTER,
2023-01-30T14:37:11Z,S4,P1085,EXIT,
2023-01-30T14:37:11Z,S4,P1086,ENTER,
2023-01-30T14:37:27Z,S1,P1090,EXIT,
2023-01-30T14:37:27Z,S1,P1091,ENTER,
2023-01-30T14:37:30Z,S2,P1071,EXIT,
2023-01-30T14:37:38Z,S2,P1090,ENTER,
2023-01-30T14:38:31Z,S4,P1086,EXIT,
2023-01-30T14:38:31Z,S4,P1088,ENTER,
2023-01-30T14:38:31Z,S2,P1089,EXIT,
2023-01-30T14:39:08Z,S4,P1088,EXIT,
2023-01-30T14:39:08Z,S4,P1087,ENTER,
2023-01-30T14:39:16Z,S2,P1090,EXIT,
2023-01-30T14:39:57Z,S1,P1091,EXIT,
2023-01-30T14:39:57Z,S1,P1092,ENTER,
2023-01-30T14:40:09Z,S2,P1091,ENTER,
2023-01-30T14:40:41Z,S1,P1092,EXIT,
2023-01-30T14:40:41Z,S1,P1093,ENTER,
2023-01-30T14:40:44Z,S4,P1087,EXIT,
2023-01-30T14:40:44Z,S4,P1077,ENTER,
2023-01-30T14:40:54Z,S2,P1092,ENTER,
2023-01-30T14:41:22Z,S4,P1077,EXIT,
2023-01-30T14:41:22Z,S4,P1071,ENTER,
2023-01-30T14:41:28Z,S2,P1091,EXIT,
2023-01-30T14:41:52Z,S1,P1093,EXIT,
2023-01-30T14:41:52Z,S1,P1094,ENTER,
2023-01-30T14:42:04Z,S2,P1093,ENTER,
2023-01-30T14:42:06Z,S2,P1092,EXIT,
2023-01-30T14:42:21Z,S4,P1071,EXIT,
2023-01-30T14:42:21Z,S4,P1089,ENTER,
2023-01-30T14:44:07Z,S1,P1094,EXIT,
2023-01-30T14:44:07Z,S1,P1095,ENTER,
2023-01-30T14:44:16Z,S2,P1094,ENTER,
2023-01-30T14:44:28Z,S2,P1093,EXIT,
2023-01-30T14:44:29Z,S4,P1089,EXIT,
2023-01-30T14:44:29Z,S4,P1090,ENTER,
2023-01-30T14:44:42Z,S3,P1093,ENTER,
2023-01-30T14:45:00Z,S2,P1094,EXIT,
2023-01-30T14:45:22Z,S1,P1095,EXIT,
2023-01-30T14:45:22Z,S1,P1096,ENTER,
2023-01-30T14:45:32Z,S2,P1095,ENTER,
2023-01-30T14:45:37Z,S3,P1093,EXIT,
2023-01-30T14:45:37Z,S3,P1094,ENTER,
2023-01-30T14:45:48Z,S2,P1093,ENTER,
2023-01-30T14:45:56Z,S4,P1090,EXIT,
2023-01-30T14:45:56Z,S4,P1091,ENTER,
2023-01-30T14:46:05Z,S1,P1096,EXIT,
2023-01-30T14:46:05Z,S1,P1097,ENTER,
2023-01-30T14:46:14Z,S2,P1095,EXIT,
2023-01-30T14:46:16Z,S2,P1096,ENTER,
2023-01-30T14:46:21Z,S3,P1094,EXIT,
2023-01-30T14:46:22Z,S3,P1095,ENTER,
2023-01-30T14:46:40Z,S4,P1091,EXIT,
2023-01-30T14:46:40Z,S4,P1092,ENTER,
2023-01-30T14:46:56Z,S4,P1092,EXIT,
2023-01-30T14:47:14Z,S3,P1095,EXIT,
2023-01-30T14:47:32Z,S2,P1093,EXIT,
2023-01-30T14:47:32Z,S2,P1094,ENTER,
2023-01-30T14:47:40Z,S3,P1093,ENTER,
2023-01-30T14:47:50Z,S2,P1096,EXIT,
2023-01-30T14:47:50Z,S2,P1095,ENTER,
2023-01-30T14:47:59Z,S1,P1097,EXIT,
2023-01-30T14:47:59Z,S1,P1098,ENTER,
2023-01-30T14:48:00Z,S4,P1096,ENTER,
2023-01-30T14:48:28Z,S3,P1093,EXIT,
2023-01-30T14:48:34Z,S2,P1094,EXIT,
2023-01-30T14:48:34Z,S2,P1097,ENTER,
2023-01-30T14:48:38Z,S4,P1096,EXIT,
2023-01-30T14:48:44Z,S4,P1094,ENTER,
2023-01-30T14:48:54Z,S2,P1095,EXIT,
2023-01-30T14:48:54Z,S2,P1093,ENTER,
2023-01-30T14:49:04Z,S3,P1095,ENTER,
2023-01-30T14:49:06Z,S1,P1098,EXIT,
2023-01-30T14:49:06Z,S1,P1099,ENTER,
2023-01-30T14:49:44Z,S2,P1093,EXIT,
2023-01-30T14:49:44Z,S2,P1098,ENTER,
2023-01-30T14:49:57Z,S1,P1099,EXIT,
2023-01-30T14:49:57Z,S1,P1100,ENTER,
2023-01-30T14:50:07Z,S2,P1097,EXIT,
2023-01-30T14:50:07Z,S2,P1099,ENTER,
2023-01-30T14:50:14Z,S3,P1095,EXIT,
2023-01-30T14:50:14Z,S3,P1093,ENTER,
2023-01-30T14:50:42Z,S1,P1100,EXIT,
2023-01-30T14:50:42Z,S1,P1101,ENTER,
2023-01-30T14:50:55Z,S4,P1094,EXIT,
2023-01-30T14:50:55Z,S4,P1097,ENTER,
2023-01-30T14:51:02Z,S2,P1099,EXIT,
2023-01-30T14:51:02Z,S2,P1095,ENTER,
2023-01-30T14:51:05Z,S3,P1093,EXIT,
2023-01-30T14:51:40Z,S2,P1095,EXIT,
2023-01-30T14:51:40Z,S2,P1100,ENTER,
2023-01-30T14:51:46Z,S4,P1097,EXIT,
2023-01-30T14:51:46Z,S4,P1099,ENTER,
2023-01-30T14:51:49Z,S2,P1098,EXIT,
2023-01-30T14:51:49Z,S2,P1093,ENTER,
2023-01-30T14:52:25Z,S4,P1099,EXIT,
2023-01-30T14:52:25Z,S4,P1095,ENTER,
2023-01-30T14:52:36Z,S1,P1101,EXIT,
2023-01-30T14:52:36Z,S1,P1102,ENTER,
2023-01-30T14:53:18Z,S2,P1093,EXIT,
2023-01-30T14:53:18Z,S2,P1101,ENTER,
2023-01-30T14:53:19Z,S4,P1095,EXIT,
2023-01-30T14:53:19Z,S4,P1098,ENTER,
2023-01-30T14:53:29Z,S3,P1093,ENTER,
2023-01-30T14:53:31Z,S2,P1100,EXIT,
2023-01-30T14:54:07Z,S2,P1101,EXIT,
2023-01-30T14:54:15Z,S3,P1093,EXIT,
2023-01-30T14:54:18Z,S3,P1101,ENTER,
2023-01-30T14:54:24Z,S2,P1093,ENTER,
2023-01-30T14:54:28Z,S1,P1102,EXIT,
2023-01-30T14:54:28Z,S1,P1103,ENTER,
2023-01-30T14:54:39Z,S2,P1102,ENTER,
2023-01-30T14:54:45Z,S4,P1098,EXIT,
2023-01-30T14:54:45Z,S4,P1100,ENTER,
2023-01-30T14:54:51Z,S3,P1101,EXIT,
2023-01-30T14:55:58Z,S2,P1102,EXIT,
2023-01-30T14:55:58Z,S2,P1101,ENTER,
2023-01-30T14:56:18Z,S2,P1093,EXIT,
2023-01-30T14:56:21Z,S4,P1100,EXIT,
2023-01-30T14:56:21Z,S4,P1102,ENTER,
2023-01-30T14:56:43Z,S1,P1103,EXIT,
2023-01-30T14:56:43Z,S1,P1104,ENTER,
2023-01-30T14:56:54Z,S2,P1103,ENTER,
2023-01-30T14:57:04Z,S4,P1102,EXIT,
2023-01-30T14:57:04Z,S4,P1093,ENTER,
